ID,Label,Original Comment,Lemmatized Comment
01JKRZHK6G4HPZ3C74ZQJ6A1SD,2,Mat poshter nbot nuk ka se njerzit tane veq tuten qe e njohin mos mi fry permas kta shkas bajne,"më i poshtëri në botë nuk ka sepse njerëzit tanë vetëm tremben që e njohin, mos t’i fryjë prapa, këta shkak bëjnë"
01JJVKM1R8XA1EJ29GSJ9892AG,1,Respekt për kryeministrin shembullor,respekt për kryeministër shembullor
01JKXMGCA0ZRJZV9V7AA95RP2H,2,ELEMENT TUBULLUS JE TI !!,element turbullues je ti
01JNPMCGN03SYMV23KY4BN96H7,0,"Haaaaaaaa,as 200 veta !","ha, as 200 vetë"
01JNTR0WHR063T9K109V0WQRNV,2,O ja rrofsh kudres,o ia rrofsh kudrës
01JHX3BY58Q1FG0H8H9FTQXQP0,0,Shko mirru me muzik membli,shkoj mirrem me muzikë memli
01JJZ1TBHRV5XX7610YTK56RYN,0,Urime 118 ❤️❤️ me 9 Shkurt 70% Hajnat kurr ma Zban mu kthy Edhe skeni mu kthy,urime 118 me 9 shkurt 70% hajnat kurrë më s’bëhen me u kthyer edhe s’keni me u kthyer
01JNMT6HMRYESBJMZ95KVX9Y59,2,"Oju nanladrum ekeniqujt,Albinin Albin srrbia Argati srrbis e rusis qfar hamamash jeni okrokodilla","o ju nënladrum e keqinj, albinin albin serbia argati i serbisë e rusisë çfarë hamamësh jeni o krokodila"
01JKC2RZDGW69HRPA1DZ22EBKT,0,Veç Grenelli edhe Opozita jan kunder Kurtit,veç grenell edhe opozitë jam kundër Kurti
01JMPAK54GB3X6BHCXSYGHQE1A,2,O viq banate!!,o viç banat !!
01JHFKTJR0T0WW7CKQA82GEXC1,2,Valla skam besue qe je kaq e padijshme beso shum shum e dobet,vallë s'kam besoj që jam kaq e padijshëm besoj shumë shumë e dobët
01JK0WMB60WWJWBPGHNC1ERPTF,0,As ymyt mos maj bile.,as ymyt mos mbaj bile
01JHR32QCRX2RXG7CT6EDRBQSQ,1,"Suksese per te gjithe, jeni me te miret!","sukses për të gjithë, jeni më të mirë"
01JK3WN2ARBB6EHT6D5VC3H5QS,2,"O Mut , Fmija jut rritet pa Bab...! Nashta ajo qika Jote e Ka kuptu qe je rrenc , per ato rrin Larg teje...!","o mut, fëmija yt rritet pa baba...! ndoshta ajo vajza jote e ka kuptuar që je rrenacak, për atë arsye rri larg teje…!"
01JMHYXJRRXY07D39PE4ATZTVF,2,qdo hajni tradhti mban emrin pdk,çdo hajni tradhti mbaj emër pdk
01JMJRWJJ80VX6Y3SY9AGHWT6P,2,dihet mo Limaj hajduk.,dihet më limaj hajdut
01JJ515YER7PZP8GEP1P96HGW2,2,Oh kishku i w rrugaq ju ka humbur rruga ne oborrin tuaj,"oh kushku i vogël rrugaç, ju ka humbur rruga në oborrin tuaj"
01JNAGQKM0TFASJ96Q82J5QKKW,2,"shum kategori e lodht zafa, asht e turpshme me kan politikan si ky tmerr‍♂️","shumë kategori e lodhur zafa, është e turpshme me qenë politikan si ky, tmerr"
01JKEBR6YRT83HF8CXQ8N58N6S,0,IndeksOnline e mba fjalen se mer shi pare normal nga Pdk,indeksonline e mban fjalën se merr shi pare normal nga pdk
01JKVBPYA87TNFV7Z14ZS3B5QA,0,Un jam votus I VV.së por kjo vot i takon LDK.së Dho mos bani hajgare po numroni votat..!,"unë jam votues i vv-së, por kjo votë i takon ldk-së. mos bëni hajgare, por numëroni votat!   "
01JNKPMJKG5A0HSD7VZRAA72H1,0,Jav ka djeg LDK,jua ka djegur ldk 
01JMN0SDGRFY3M4TXFBB4W108N,0,Bravo canaj se po jav prish vllaznillakun me listen serbe se i dhem gashit,bravo canaj se po ua prish vëllazërinë me listën serbe se i dhemb gashit 
01JK55VYE00TVFEKY0NX4HM8Z7,0,"Repekt per z.lima, MELEZAT KAN INAT URREJTJE IDHNIM TMADH NE UQK. NE LUFTETAR, SE UA KENI LUFTAR NJEK, SERBIN BABEN E MELEZAV T SHITUN, EDHE SHOYRTNISHT MORALISHT, EDHE BUTHRISHT,","respekt për z. lima, melezët kanë inat, urrejtje, idhnim të madh në uqk. në luftëtarët, sepse ua keni luftuar njëkohësisht serbin, babain e melezëve të shitur, edhe shoqërisht, moralisht, edhe trupërisht.   "
01JKDVQRGRV6QQ2BJ2EZCBS584,1,Respekt diaspora 137 ✅,respekt diasporë 137 ✅
01JKTKWEX0M7P7QWRX4P7JJA93,1,❤️❤️ Albin❤️❤️❤️ Bsba❤️❤️❤️❤️❤️❤️❤️❤️❤️❤️❤️❤️,❤️ albin ❤️ bsba ❤️
01JMERQYV0209VHRX6R77ZVFJR,0,Prap me Pagesë hyrja ne Kosovë për mërgimtarët.,prapë me pagesë hyrje në kosovë për mërgimtar
01JK4AY870AWTJSH9M8AXWYM9T,1,"Jeni lideri i vetem ne vend, jemi me ty ne keto zgjedhje! 137✅","jam lider i vetëm në vend, jam me ti në ky zgjedhje 137 ✅"
01JM02Q378H62GT6KFXYJSJDEJ,0,po mundoheni mja rit votat po duket qe as 40 perqin si ka,po mundohem me ia rrit votë po dukem që as 40 për qind s'ia kam
01JJQAMS3G59CYNN54HF9KVWA9,0,Duhesh mi mar msusen gjuhes shqipe me kuptu Albinin,duhet me marrë mësues gjuhë shqip me kuptoj albini
01JJWTKXCR2ZZ3AYZB55CHF7VE,0,Ki i dulles ne Razumem 20 vjet ka qen as 1 pun sun e kriten.,ky i dullës në razumem 20 vjet kam qenë as një punë s'unë e kry
01JN63HV8GM4RVTYK7789RMTSS,0,Pae Dadē nuk jan te sakta…Nuk po te pelqejne a,"pa dadë nuk jam i saktë, nuk po ti pëlqej a"
01JMDE1P4GXQGVKMQPKK9TKP8N,2,Popo kto qeverit e mëparshme ku 20 vjet kan plaqkit me terminale nuk i keni konfirmu kurr bre klan i flliqt,po po ky qeveri i mëparshëm ku 20 vjet kam plaçkit me terminal nuk i kam konfirmoj kurrë klan i fëlliqur
01JKRNZH88MG0C0Y6BQ2DV9XG6,2,"Ik pirdhu more trathtar, mos u'mundoni me vjedh se King Kosoves i'ka marr75% ,mos genjeni pis,poplli shqiptar e zgjodhi Luanin Albin Kurtin","ik pirdhu tradhtar, mos mundohem me vjedh se king kosovë ia kam marrë 75%, mos gënjej pis, popull shqiptar e zgjedh luan albin kurti"
01JJ577JR0AZXC8WX9G5QG6MA4,0,lideret e vertete si Kurti jo menjehere po asnjehere,lider i vërtetë si kurti jo menjëherë po asnjëherë
01JKTFNEK0ZC61AK1QXXM6K22K,0,Me Listen serbe ky nuk bon qeveri,me listë serb ky nuk bëj qeveri
01JHGMDPM89GSSQNVGJYQVDRN4,0,Sje n oda me kallzu mesele qdo tubim a dele pi zen popullaten a ?,s'je në odë me kallëzoj mesele çdo tubim a del pi zë popullatë a
01JMMJ28C0PKP45T31DZEPMNHA,0,Humbsi nuk pajtohet kurr po duhet me pranue humbjen,humbës nuk pajtohem kurrë po duhet me pranoj humbje
01JM4JY9R04R88SKRNQ7NHJH0M,2,Koka pijav tash e rreh,kokë pijav tash e rrah
01JNJ23FP0Q025F1N9KW40ATN3,0,qashtu po thojin populli Qe nji kry minister pa i kuruptum veq po mundohen me hjeke Albinin3,ashtu po them popull që një kryeministër pa jam korruptuar veç po mundohem me heq albin
01JKXSB7CGJSDQY6MSK5S8E6QT,2,Mos u frigoni se Berati se bashku me stanishiqin Lirimin dhe Vuqiqin shum shpejt kan me mu ba bask partit e krimit,mos u frigoni se berati se bashku me stanishiqin lirimin dhe vuqiqin shum shpejt kan me mu ba bask partit e krimit
01JNWJQKP88SQPENZYKFJD995F,1,Albin kurti asht baba i kosovs,albin kurti asht baba i kosovs
01JKC496CGMG6VMD1SSNAPW6NW,0,Jo jo  jo  jo hhhhh,jo jo jo jo hhhhh
01JNV8H8R8CJRAS17CHFKVK8B0,0,Veq edhe ti Adriatik ke pas met keq me fol po veq tregom qkajtu fol,veq edhe ti adriatik ke pas met keq me fol po veç tregom qkajtu fol
01JNDP9WD87A5TYP0VSRS2K4CE,0,"Transporti i dyshimtë. 
  Sa herë kan “pushuar” ato deri sa kan mbërri me biçikle?",transporti i dyshimtë. sa herë kan “pushuar” ato deri sa kan mbërri me biçikle?
01JKV403W82N2W3FK4P7Y6NP1J,0,"Rinumeroni votat e partive politike fillimisht se dreqi tzotin nuk eshte tu e dit, pastaj ato per deputet.","rinumeroni votat e partive politike fillimisht se dreqi tzotin nuk eshte duke e dit, pastaj ato per deputet."
01JJFJ9VB88EQEYKKCBVHKQM1P,0,Sa persona i ke ne List te AAK-se qe jane ne listen e zeze te Amerikes,sa persona i ke ne list te aak-se qe jane ne listen e zeze te amerikes
01JJ6Z1C88D2KGWW6NSWGQ3Y2Y,0,Serveri sigurisht i ka thene Haradinajt se procesi i anetarsimit ne NATO eshte i komplekum. Kjo organizate politilo - ushtarake nuk i pranon vendet te cilat nuk e kan te definum statutin e shtetit fuqiplot ne OKB.,serveri sigurisht i ka thene haradinajt se procesi i anetarsimit ne nato eshte i komplekum. kjo organizate politilo - ushtarake nuk i pranon vendet te cilat nuk e kan te definum statutin e shtetit fuqiplot ne okb.
01JKXPY8G0M8RE6BYMSRJRF7HT,0,I nuk I mer hajnat jo,i nuk i mer hajnat jo
01JKWW8M30093C3FF3ZP5H7JNF,0,Qe qka kan  dasht qytetart ktu dihet sa te etur jan kta per pushtet,qe qka kan dasht qytetart ktu dihet sa te etur jan kta per pushtet
01JJXNEJY0EYF8WR3XE1QR806M,2,Hahhhaha ahaahahhahaha ajo u kry o king kqyr naj ka tjeter nisja me rrejt,hahhhaha ahaahahhahaha ajo u kry o king kqyr naj ka tjeter nisja me rrejtë
01JK3ZJQD038ZEM98EZ4Y145YS,0,Na Njoft boll 200 vende te Bashkimit Evropian. ,na njoft boll 200 vende te bashkimit evropian.
01JNNEJNT0GCD2EEF24ERPFPW2,0,Dy lidhje si ki o Dash,dy lidhje si ki o dash
01JN35DNKRFZMP4Q76EWCMW1WG,0,Po ju pi bani vet kta shkrime asa ysa  ajdari uti vet fol dhe vet vepron kshtu metni mrapa evropes,po ju pi bani vet kta shkrime asa ysa ajdari uti vet fol dhe vet vepron kshtu metni mrapa evropes
01JNE8VY5R2K88JERV74WNANX5,0,"Qka u booooo moreeee, a nuk paska dhon ndonjë gol Xhaka aaaaa? Me hesap paska dhon autogoooool","qka u booooo moreeee, a nuk paska dhon ndonjë gol xhaka aaaaa? me hesap paska dhon autogoooool"
01JK36MZ2RW24YV4D937RG3N49,0,Hajde more fitoni se hala tu kajt jemi,hajde more fitoni se hala duke kajt jemi
01JJPCB8P81KRCMYVYMB385A6B,1,respekt e besojme ne ty,respekt e besojme ne ty
01JMFBEQZ8NSD1ZW2FXR3QYXR8,2,kapne grine zhag se u msu hahahaha.,kapne grine zhag se u msu hahahaha.
01JNGYRS28R4M9KSBQYNQWR015,0,Ska faj se a ka edin qka po e pret,ska faj se a ka edin qka po e pret
01JMDHK6YG8V1W4959D5YXG43B,2,Po qfar 52 o trullan qka je tu fol,po qfar 52 o trullan qka je duke fol
01JN5J18S88Q9X7GKAW66H4NR9,2,Tanve mutin jau haksh ti more mut lidhje ski se tije injorant,tanve mutin jau haksh ti more mut lidhje ski se tije injorant
01JKTXBF6832S50C5C9YQ25CP5,2,"Te kurtoviçi ska gje te mire pose injorimit,bulluzimit,ofenfimit dhe e quan opoziten hajvanat ky asht psikopat dhe spiun i serbis!","te kurtoviçi ska gje te mire pose injorimit,bulluzimit,ofenfimit dhe e quan opoziten hajvanat ky asht psikopat dhe spiun i serbis!"
01JMQZ64KGQWKHV5PSKG6V8XYT,2,Ju shtu parlamentit edhe nje kafsh me teper,ju shtu parlamentit edhe nje kafsh me teper
01JKRK2DRGP4DPXZ67JA185AZQ,2,O prof ska qeverisje me legena analfabet!,o prof ska qeverisje me legena analfabet!
01JKVHE9G8ZF65CT28E45C14VA,0,"Kemi dyshime, asnjehere me pare nuk kan ndodhur gjera te tilla.","kemi dyshime, asnjehere me pare nuk kan ndodhur gjera te tilla."
01JN7C50G819PGDTRDPBXBM5SS,2,"Ndaq me ti qit n shesh nja 200.000 mi njerz 
E me ta mshelë edhe burgun...
Hijenat e kqija..",ndaq me ti qit n shesh nja 200.000 mi njerz e me ta mshelë edhe burgun... hijenat e kqija..
01JK80VK98HBN9BWEQD1ZT3TN0,1,Rrnoft Albin Baba i Kosoves qe e Çliroj Veriun,rrnoft albin baba i kosoves qe e çliroj veriun
01JNS82C2098GWWY36B6BV094J,2,"Çfarë moroni, ncncnc.","çfarë moroni, ncncnc."
01JM312R480W9KT101QDMJT19Y,0,Prshkak interesit normal,prshkak interesit normal
01JKTXPFQGEDKKTP1NZKM6F865,2,Ku eshtë asi gazetari po e fute dorën ne xhep prej meraku qka po i jep e livritë bishtin si qen ka me leh per ty tan ditën!,ku eshtë asi gazetari po e fute dorën ne xhep prej meraku qka po i jep e livritë bishtin si qen ka me leh per ty tan ditën!
01JKGM325081Q8RC7ZS6ZWYGKZ,2,Kuku per opozitën  ku ka ra poshtë  po mundohen me byth.... e  Granellit me fitu vota kjo sesht normal kekund ne bot,"kuku për opozitën ku ka rënë poshtë, po mundohen me byth… e granellit me fituar vota. kjo s’është normale askund në botë"
01JKPBSCK8C88KWFY64F2ZM4HE,2,Mafia,mafia
01JHCWZ9801WYBGASKNJ3JZ98W,0,Kysmet Allah Që jem shnosh emir po më votu më zemer Kta dy gjith,kysmet allah që jem shnosh emir po më votu më zemer kta dy gjith
01JMDJ9VJ0W3419ENHMKTHKM6V,2,I ka fitue me vjedhje industriale të votave...,i ka fitue me vjedhje industriale të votave...
01JMJ1GRW89B2KKQ93P1E8S2D1,0,Ne gjdo fshat te kosoves ka pas te till,ne gjdo fshat te kosoves ka pas te till
01JHBSVYYRBMJTBBS4EF6D2XR9,2,Ky ka qen plani juj edhe i ldk-s qe te bartni njerz prej krejt kosove ne fillim te fushates qe tmendojn njerzit se ju po kthehni fuqishem ne skenen politike po perveq juve ket rren nuk e beson kerkush,ky ka qen plani juj edhe i ldk-s qe te bartni njerz prej krejt kosove ne fillim te fushates qe tmendojn njerëzit se ju po kthehni fuqishem ne skenen politike po perveq juve ket rren nuk e beson kerkush
01JNM268P0JA4PDGGZT03HBA7J,0,Bedria bohet kryeminister,bedria bohet kryeminister
01JHV85A7GBJ16CB847E4RDCG7,1,Respekt per ty Nasim Haradinaj,respekt per ty nasim haradinaj
01JK9GTGF8KX6ZES1XKA4701Y0,1,Fitore e madhe me kryeministrin ne ardhje Z Bedri Hamza 131 Kret kosova PDK,fitore e madhe me kryeministër ne ardhje z bedri hamza 131 kret kosova pdk
01JK0BJ5MR7QQRKA7B9N7W6M9X,0,Lisa Rugova Deputetja ne Ardhje 1️⃣2️⃣4️⃣✅️8️⃣4️⃣✅️✌️✌️,lisa rugova deputetja ne ardhje 1️⃣2️⃣4️⃣✅️8️⃣4️⃣✅️✌️✌️
01JNDN7BXG8Y31HR6WMNNN41QY,2,Hajde hajni hajde,hajde hajni hajde
01JHMXS6W8W8067WSWFGB20B0M,0,kush te voton ty more,kush te voton ty more
01JN1YWPH81ZZDFBAQ066KK9HQ,2,Hajvani pret fitore,hajvani pret fitore
01JKR3XRZ86RY8R5WFF77YK46D,0,O vet i kanë lejue se ju kanë dashtë me manipulue,o vet i kanë lejue se ju kanë dashtë me manipulue
01JHR439CG2BZNX8GJTDC4KWJF,1,Jemi me ty Rambo per Suksese AAK 137✅,jemi me ty rambo per suksese aak 137✅
01JJMPH86GXJVKGWYHBMPEHX0J,2,Se besoj që ende ka idiota naiva që e votojnë partinë servile pasive keqpërdoruese tinzre parazite partinë ldk,se besoj që ende ka idiota naiva që e votojnë partinë servile pasive keqpërdoruese tinzre parazite partinë ldk
01JN6DXMEGDX1CDV3CMH2XW43G,2,"Labinot Ahmeti A i ke marr ti lekt hala se qeky paska dhan lek per juve  

Qe kur te dalin para gjykates qysh qkulaven kta Prapaganduesit Hahahahahahahahhaah",labinot ahmeti a i ke marr ti lekt hala se qeky paska dhan lek per juve qe kur te dalin para gjykates qysh qkulaven kta prapaganduesit hahahahahahahahhaah
01JJFTYYH86PCQDBJSYYQ5ZFEC,2,Sa rrenca jan kta llaskuca,sa rrenca jan kta llaskuca
01JN7AQ9KRBR7G67SRVMBK3ZWS,1,Rrespekt Dr.Ahmed Kalaja.,rrespekt dr.ahmed kalaja.
01JJ2T4DH0FNEGBBQHXXJ9KGP5,2,Ky me pas kan qen se kish majt kerkush se veq kish leh ke dikush ose e heetoi nai mac a nai sen ky veq leh si llaskuc i keq,ky me pas kan qen se kish majt kerkush se veç kish leh ke dikush ose e heetoi nai mac a nai sen ky veç leh si llaskuc i keq
01JJVC5B2RTYYYDAC5AEERP0MH,2,O  Ermal Panduri mos u djersit  mos u  skuq  se partija jote është parti e barabart me listen serbe,o ermal panduri mos u djersit mos u skuq se partija jote është parti e barabart me listen serbe
01JJ6VVMCRA1QDVXHB2V5AFR64,0,Albini ekalli krejt,albini ekalli krejt
01JJH5EV4GJ0RH8P8J9PJSKXVG,2,Uhhh nënë e shkive kjo spoju pëlqen !       ,uhhh nënë e shkive kjo spoju pëlqen !
01JMJSDZ6RCEEJ8K4DCGW7QHCE,0,Ngushllime,ngushllime
01JJAAJZ3RZXNHGA0YV97EJBKA,0,Populli duhet të reflektoj dhe mos të votoj njerz të pa përshtatshem për aleatin kryesor të shtetit të Kosoves!.,populli duhet të reflektoj dhe mos të votoj njerz të pa përshtatshem për aleatin kryesor të shtetit të kosoves!.
01JH8VZQ703641SKCXY706CN8W,2,Ky eshte medium serbo rus qe e kan shkruar me analstat qe jan me cetnik se cetniket,ky eshte medium serbo rus qe e kan shkruar me analstat qe jan me cetnik se cetniket
01JHX38528921HWSXAJM2N35PA,1,Respekt!,respekt!
01JNGACWQ064H4GP2ME634JTF5,0,"Jo , asesi  !","jo , asesi !"
01JK3Y6P78PKY6ARG48CDSX61Q,2,Po ti site vish ki menreq minijere hahaha ik more sofrabez,po ti site vish ki menreq minijere hahaha ik more sofrabez
01JN1R43W0JWDGJ25P6N388MYR,1,Milazim Salijaj  do na mungoj shum se ka qen deputeti ma I zeshum në kuvendin e kosoves 100%në gjdo seanc I pazavedsushum,milazim salijaj do na mungoj shum se ka qen deputeti ma i zeshum në kuvendin e kosoves 100%në gjdo seanc i pazavedsushum
01JJZ96G687NZWCWEHGX7913YG,0,Baj anej e Baj knej haha,baj anej e baj knej haha
01JN4FPZ9023J9AHPEJXY1QS5N,2,ky qeni plak paska fol,ky qeni plak paska fol
01JM1KE6TGX2S223YHDGT2PMQD,0,Ss epaskan pagu ket tipin si gre nrenellin a mos dslshi pun e vogel asht kojo rrini nshpi......,ss epaskan pagu ket tipin si gre nrenellin a mos dslshi pun e vogel asht kojo rrini nshpi......
01JK42Y4X0J5T1MKM4D98FD0H7,2,Qyp moj kuder e rrugave,qyp moj kuder e rrugave
01JJC2HPTGGBGTT47KGE6BAD56,2,Vetm emrin qe e keni vot per ty nuk ka se emrin e tradhtarit e kije vv vetm,vetm emrin qe e keni vot per ty nuk ka se emrin e tradhtarit e kije vv vetm
01JHE0B21GSSYTHC96AA71BQ5R,0,Albini,albini
01JM4C14K84S466Q9P1VQPFY0E,0,Po pse po shani o burra çdo kysh jep mendimin e vet mane vetën bon koalicion mirë nuk bon hala ma mirë mane vetën.,po pse po shani o burra çdo kysh jep mendimin e vet mane vetën bon koalicion mirë nuk bon hala ma mirë mane vetën.
01JJSMCNPRBC30ETJTMNC0PHAF,0,Ldk ja raliteti.,ldk ia raliteti.
01JKBG70JR4E2KE0AENWM5A84Z,1,Suksese,suksese
01JNBF4BHR3ZVRH0GAV18KMJC2,2,"Nje shpi budall, zagr dhen endacak","nje shpi budall, zagr dhen endacak"
01JHKGCEK8S41FJEMV44HRASHJ,1,Nieri intelegjent qesi I duhen Kosoves edhe ata sa ma shum PDK,nieri intelegjent qesi i duhen kosoves edhe ata sa ma shum pdk
01JJVXR4V8RFQ7DB2KTEJJKSDG,0,"Sipas menimit tand, po i bjen që gjithë ata që kanë ble tokat ( patundshmëriyë) publike me më pak se 10 euro për 1 ari, po duhet mi sjpërblye me pozita udhëheqëse shtetërore a? A je ka din cka po e këshillon popullin? Pra cilët persona e zhvatin padunin publike, duhet me vorue ose emërtue me pozita të larta publike pa pas detyrën / obligimin që ata persona mi kthye ato pasuri të patundshme publike popullit kosovar që ia ka marr përmes diskriminimit ekonomik qytetar.!!!","sipas menimit tand, po i bjen që gjithë ata që kanë ble tokat ( patundshmëriyë) publike me më pak se 10 euro për 1 ari, po duhet mi sjpërblye me pozita udhëheqëse shtetërore a? a je ka din cka po e këshillon popullin? pra cilët persona e zhvatin padunin publike, duhet me vorue ose emërtue me pozita të larta publike pa pas detyrën / obligimin që ata persona mi kthye ato pasuri të patundshme publike popullit kosovar që ia ka marr përmes diskriminimit ekonomik qytetar.!!!"
01JMZAXYYG86AX73PNSBDNPJD2,0,Tv Serbia kush e shiti KEKun,tv serbia kush e shiti kekun
01JN4386H8YSDAZRM0T0CF6FPZ,0,"Prokuroret dhe Gjyçtaret,
Duhet Mi HETU  Gjithë
Deri Nja,
Pi 2000-deri 2025","prokuroret dhe gjyçtaret, duhet mi hetu gjithë deri nja, pi 2000-deri 2025"
01JN9W5C4RH01G47QNNPVEPCN2,2,klan serrbia je ba shum marak apo shkon a jo,klan serrbia je ba shum marak apo shkon a jo
01JJMZ1RX0G1GZFBYZMW944RKD,2,Kta ikan tjera pun qysh me vjedh pare  sekan. Mendimin me ru kosoven po qysh me vjedh,kta ikan tjera pun qysh me vjedh pare sekan. mendimin me ru kosoven po qysh me vjedh
01JN8K9RCRKJ7V5H1MMR1NNNS1,2,Oh Flliqana naj flliqet Kombin! Ikni shkoni ne Arabi ne dreq të mallkuar….,oh flliqana naj flliqet kombin! ikni shkoni ne arabi ne dreq të mallkuar….
01JK9EVXHGBZP7WH6MGWBRRMZM,1,Shum e vertet,shum e vertet
01JHJ8P930YZZ523C91E7KB1JS,0,Ju i keni bllokuar çmimet tavan përmes gjykatës klienteliste !,ju i keni bllokuar çmimet tavan përmes gjykatës klienteliste !
01JJR8FYH8RTC41TC8MY3KDB1Z,0,O KREJT AUTOSTRADEN LE TA BLLOKON SE E MERITON BABA I KTI VENI ,o krejt autostraden le ta bllokon se e meriton baba i kti veni
01JHQZN0N08CMKX8SX0GGSH1FC,2,TA KA NDAL TERMINALIN NE HAN TE ELEZIT TY E TI TASH KE MU QA KA GOJA E KA BOTHA PO KOT E KI,ta ka ndal terminalin ne han te elezit ty e ti tash ke mu qa ka goja e ka botha po kot e ki
01JMQPJ2M0NSSZRB7P0C1N0TMF,2,Oooo mushk mos pall kot!,oooo mushk mos pall kot!
01JK446MSRABV1TZVQYD45GT8Y,0,PDK131,pdk131
01JNNTP38RZACV9PTZRC4MGZ1N,0,Super koka ba,super koka ba
01JJZ1HECRJ0HA4GXPWCXCVTJ7,2,Autostradat ikan boooo Nderkombtart ooo Fatmir Bojleri ti veq ke vjedh Hajn pis Tradhtar ne Shal Bajgores jekan ti zhvesh UÇK more Tradhtar,autostradat ikan boooo nderkombtart ooo fatmir bojleri ti veç ke vjedh hajn pis tradhtar ne shal bajgores jekan ti zhvesh uçk more tradhtar
01JNGF30DR608PJJFCKWBD6N3M,0,Mimoza na lajmron detajet,mimoza na lajmron detajet
01JNRBT7E8ETWZMA0632CSCBRJ,0,Nuk ka egzistua Atentat...Vetem farsat Zgjedhore.,nuk ka egzistua atentat...vetem farsat zgjedhore.
01JN21RC48VWXV3R3N86B80K8E,0,oooooo “GËRRNAQA” çka keni ba kshtu o vllazni e motra❤️,oooooo “gërrnaqa” çka keni ba kshtu o vllazni e motra❤️
01JKMQZCY0B7JYGV9MMTJ19GPX,2,"ju  tjaft  dota  sti  që  ja  jep  votën këti  majmuni  , kjo  është  që  motra e  saj  që e  luam  rolin e  ambasadorit , asgjë  nuk  është  nji  punëtore  e  thjesht në  ambasad  por  shum  hiekin  zyrtaret  dhe  ambasadori me  motrën e  kësaj  majmuni","ju tjaft dota sti që ia jep votën këti majmuni , kjo është që motra e saj që e luam rolin e ambasadorit , asgjë nuk është nji punëtore e thjesht në ambasad por shum hiekin zyrtaret dhe ambasadori me motrën e kësaj majmuni"
01JN1J8VP0NKM74DQFQXBEC3B0,0,"Pas 5 vitesh martesë të dashur me dy fëmijë, i dashuri im filloi të sillej në mënyrë të çuditshme dhe të shihte gjithnjë e më shumë zonja që shfaqnin dashuri të ftohtë, duke më kërcënuar disa herë me divorc nëse guxoja ta pyesja për dashurinë e tij.  burra të tjerë.  Gjithçka e qartë dhe konfuze derisa u plaka me një magjistar interneti të quajtur @Spiritual Doctor Osama.  kush është personi me probleme për fuqinë e magjisë së dashurisë, fillimisht dyshova nëse ekziston një gjë e tillë, por veneedosa të provokoj, kur kontaktova me të më ndihmoi të bëj një magji dashurie dhe brenda 24 orëve.  e dashura ime u kthye tek unë dhe filloi të kërkonte falje, tani ajo është ndarë me burra të tjerë dhe është me mua për mirë dhe realisht.  Ky magjistar i dashurisë për të gjitha çështjet tuaja të takimeve apo martesës… ju lidheni me të për shërbimet e tij në lidhjet e tij në WhatsApp: https://wa.link/oyfiyy ose faqen time në Facebook
      

http://Facebook.com/Spiritual-Doctor-Osama-61554031847319","pas 5 vitesh martesë të dashur me dy fëmijë, i dashuri im filloi të sillej në mënyrë të çuditshme dhe të shihte gjithnjë e më shumë zonja që shfaqnin dashuri të ftohtë, duke më kërcënuar disa herë me divorc nëse guxoja ta pyesja për dashurinë e tij. burra të tjerë. gjithçka e qartë dhe konfuze derisa u plaka me një magjistar interneti të quajtur @spiritual doctor osama. kush është personi me probleme për fuqinë e magjisë së dashurisë, fillimisht dyshova nëse ekziston një gjë e tillë, por veneedosa të provokoj, kur kontaktova me të më ndihmoi të bëj një magji dashurie dhe brenda 24 orëve. e dashura ime u kthye tek unë dhe filloi të kërkonte falje, tani ajo është ndarë me burra të tjerë dhe është me mua për mirë dhe realisht. ky magjistar i dashurisë për të gjitha çështjet tuaja të takimeve apo martesës… ju lidheni me të për shërbimet e tij në lidhjet e tij në whatsapp: https://wa.link/oyfiyy ose faqen time në facebook http://facebook.com/spiritual-doctor-osama-61554031847319"
01JN5ZGY8G2QVQJ6V0R1XES6YF,0,"Njerzit ose udhëheqësit e PDK-së që dijtën të sjellin Lirinë ketij vendi të bejnë Pavarsin e Kosovës ta zhvillojnë ketë vendë në nivelin më të mirë të mundëshem dhe institucione të Shtetit shumë të mira e të afta, me personalitete të nivelit Europian e Nderkombtar dhe ti bejnë miq të fortit siç është SHBA-të mund ta bejnë ndo nji gabim të vogel por jo edhe shumë të mëdha për të hy nji thesë me antikombtar","njerzit ose udhëheqësit e pdk-së që dijtën të sjellin lirinë ketij vendi të bejnë pavarsin e kosovës ta zhvillojnë ketë vendë në nivelin më të mirë të mundëshem dhe institucione të shtetit shumë të mira e të afta, me personalitete të nivelit europian e nderkombtar dhe ti bejnë miq të fortit siç është shba-të mund ta bejnë ndo nji gabim të vogel por jo edhe shumë të mëdha për të hy nji thesë me antikombtar"
01JJ8YV18GMKQ07TC4629NM3RJ,2,Ne ket tubim as ni ghakovar nuk asht krjt jon    katunar qasi rrypa,ne ket tubim as ni ghakovar nuk asht krjt jon katunar qasi rrypa
01JKVEEZPGBFB64JXS96YR3X9W,2,Ky manipulanti!,ky manipulanti!
01JMQETZCRH654FT6H5DZ4KRTG,2,More qen i ...,more qen i ...
01JKBQ98T8D5HXNC54PFV66VCN,2,Ti je turpi Radoiqiqit,ti je turpi radoiqiqit
01JKRCFHQ0TND82Z3JXTHMDE30,0,Apet hupen a,apet hupen a
01JKGH8WD8YAG0CZCM9K5K4T7B,0,Mihajlin spe don populli pe don Hikmete Bajramin te LDK se ✌️✌️✌️,mihajlin spe don populli pe don hikmete bajramin te ldk se ✌️✌️✌️
01JJ813D3RE7MFEG2JG3SNK8GC,2,Ju ka cof dhija juve vv-cs o ashkali,ju ka cof dhija juve vv-cs o ashkali
01JMWCAJ00NZM1W6K16JDJ9S9Q,0,Çka tja bajsh dikujt një ma teper kan me ta ba.,çka tja bajsh dikujt një ma teper kan me ta ba.
01JKH1HNEG0K7PPTY21SGKE88D,0,118,118
01JJWVMAG8FSX0QEB6127PVGQY,0,"Cfare terme gjene ky gjeniu i vonuar hahahahahaha

Garant w ka idol amo parja e bon te veten ska kthim mbrapa per pronto pionir e Titos ",cfare terme gjene ky gjeniu i vonuar hahahahahaha garant w ka idol amo parja e bon te veten ska kthim mbrapa per pronto pionir e titos
01JNTVHWRGVYYSMZ9HY6G03NYC,2,Pa tjeter me leshuhe edhe pa tjeter meja moren donjanes partij ngoj se karikja osht enxet edhe tenderat jan temir per hajni ipari osht ki,pa tjeter me leshuhe edhe pa tjeter meja moren donjanes partij ngoj se karikja osht enxet edhe tenderat jan temir per hajni ipari osht ki
01JHJWRA0G68J8PV6CKZRWHKM2,0,pasha zoten krej shqiptaret ane mban botes u patem habit kur e rrxut qev kurti1 dhe rrakiqin e bet zv kr minister t par ne qeveri dulla me at koalicionin e famshem koalicionin e gjer me vota t lis serbe e rrxut vv po me lis serbe bet qeveri  kjo esht me shum se marre more shikonu n pasqyre naj her spo ju don populli mo pik!,pasha zoten krej shqiptaret ane mban botes u patem habit kur e rrxut qev kurti1 dhe rrakiqin e bet zv kr minister t par ne qeveri dulla me at koalicionin e famshem koalicionin e gjer me vota t lis serbe e rrxut vv po me lis serbe bet qeveri kjo esht me shum se marre more shikonu n pasqyre naj her spo ju don populli mo pik!
01JJAPDN90TPKZXP17EDA8JE5N,2,"o folliranti vogel o nipi isa mustves sje ne 2006  kqyre qka i bot prishtines , keni ble villa ne lagje qershi vidhet za vidhet","o folliranti vogel o nipi isa mustves sje ne 2006 kqyre qka i bot prishtines , keni ble villa ne lagje qershi vidhet za vidhet"
01JHQTHD9RS66KPKAKRFT471G0,1,Bravo bac,bravo bac
01JKEKA640JYA887S25HJMV4NB,2,Me te verte aty vjen era e rend se ke shkue ti e per qata vjen era,"me të vërtetë aty vjen erë e rëndë, se ke shkuar ti, dhe për këtë arsye vjen era"
01JMPAQYERAKBCDSEZJ4NQEM69,1,Bravo!,bravo!
01JJD9NZ30QA99FXNCTBVDD531,0,Me bashku 1 me 18 del 118❤❤❤,me bashku 1 me 18 del 118❤❤❤
01JMM0YG1RB2PVPGQVWCXFQ06F,0,Vallahi  rrall fol po ja qellon  j,vallahi rrall fol po ia qellon j
01JHTA16NGGC7CPBH2H0STK166,2,aekevet sami kriminelin more se mas pot bertet,aekevet sami kriminelin more se mas pot bertet
01JJKQ72VRQE493CD262YM72V4,2,Ju jeni kta mor lut belaja. ,ju jeni kta mor lut belaja.
01JNPFS7RGE574CCP9SPFM1JCE,2,Haaaaa ky eshte veq fillimi plasni hajvanat,haaaaa ky eshte veç fillimi plasni hajvanat
01JHRVVZ60D1VA3C74VMQSDW1S,2,Pergjigja e kurtit  vdis  e nuk te duhen as ato 100   po a nga mashtrusi po prit diqka a,pergjigja e kurtit vdis e nuk te duhen as ato 100 po a nga mashtrusi po prit diqka a
01JHHWWYW02P64RC4VTQGYV796,2,Kjo qeveri aktuale ne krye me albin serbin ska dit gja tjeter veq mashtrime e hajni se per shtet ska dit me punu po me 9 shkurt ja kallxojm venin,kjo qeveri aktuale ne krye me albin serbin ska dit gja tjeter veç mashtrime e hajni se per shtet ska dit me punu po me 9 shkurt ia kallxojm venin
01JKXZAEH0AMX273VTAXYPXZCK,2,Sami hajni,sami hajni
01JMAMPSRGBK88M4F8BNCD1Y5F,0,Medet...sa shume ju ra syni keq...s'kishte bere kurre vaki qe Kosova me e vonu kaq shume shpalljen e rezultatit te zgjedhjeve...kush ju mesoi more aman me keto metoda....,medet...sa shume ju ra syni keq...s'kishte bere kurre vaki qe kosova me e vonu kaq shume shpalljen e rezultatit te zgjedhjeve...kush ju mesoi more aman me keto metoda....
01JKKCF55RFQRMAFDVNX3810ZJ,0,PDK❤️,pdk❤️
01JJVZBQ7R0Q37C1SBJMECE29C,2,O rrens kto kontrata i ki prej qeverive te kaluara  kush ta krijoj ushtrine policin qe ti i le pa buk e gjuajte me gurë  o hajn veq delet te besojn ty,o rrens kto kontrata i ki prej qeverive te kaluara kush ta krijoj ushtrine policin qe ti i le pa buk e gjuajte me gurë o hajn veç delet te besojn ty
01JN25J3MGBQDM8QJX96BQ53B8,2,Kjo i bie se ti nuk paske shku në shkollë,kjo i bie se ti nuk paske shku në shkollë
01JHZZ3REGS33AKZFGK4SGWAFH,2,"Dreqi plakë je kan gjith'her, marre, marre, marre per ty....","dreqi plakë je kan gjith'her, marre, marre, marre per ty...."
01JK4A91G8YXZ1A6V0BAH40MKT,2,"Kurr se kem pa Albin Kurtin kaq te qet, kaq me buzqeshje, kaq i relaksum dhe kaq i permbajtur.
O mjerana, ju e keni frigen se jeni ka u tranoheni, kjo show e juaja qe po brohoritni se kinse jeni fitus o i vetmi qellim qe deshtimin me minimizu sa ma shum e mundshme qe mos te bjerni ne perqindjen e Ramushit qe e kishte dhe Ramushi te njejten frig e ka qe vetem ta kaloj pragun.

Ani Rugovista hahahahah nje kostum me kravat nuk ju ban Rugovista o legena...","kurrë s’e kemi parë albin kurtin kaq të qetë, kaq me buzëqeshje, kaq i relaksuar dhe kaq i përmbajtur.
o të mjerë, ju e keni frikën sepse jeni duke u tronditur. kjo shfaqje e juaja që po brohoritni si kinse jeni fitues, është i vetmi qëllim për ta minimizuar dështimin sa më shumë e mundur, që të mos bini në përqindjen e ramushit që e kishte — dhe ramushi të njëjtën frikë e ka, që vetëm ta kalojë pragun.
ani rugovistë hahahah një kostum me kravat nuk ju bën rugovistë, o legena…"
01JN190H8G1GTWTKNX48WNYSZS,2,Euu ku Xhaxhi Enver edhe Femijet i infektut me Politik he robt jau ….,euu ku xhaxhi enver edhe femijet i infektut me politik he robt jau ….
01JKJMVS9RQV6NWHASAWF7Q4TA,0,Mas 12 ti ki mu kon pjese e kuvendit,mas 12 ti ki mu kon pjese e kuvendit
01JN1STE50QY6RT8M96WNNW957,0,kta jan deg e pdk se e jo veteranve,kta jan deg e pdk se e jo veteranve
01JKC457E010DXNRSDJ2BSZD7K,2,E mori hajne e pa shkollume qaq din ti,"e mori hajni i pa shkolluar, aq di ti"
01JK5TZHJG3SZRRHR7QY7AY2EH,2,Ideal për hajni! #baju,ideal për hajni! #baju
01JMCJ9VZG0NQ5XY2CABZQPB2R,2,Sistem i gabuar zgjedhorè.,sistem i gabuar zgjedhorè.
01JNM062Z80WJCDFQ2CTDW3EGF,2,LDK esht e pa  Ftyr ska ma hajna se kta  te LDK-s hiq,ldk esht e pa ftyr ska ma hajna se kta te ldk-s hiq
01JJ8208Y8A7S5Y6M3F9Q1XBP8,2,Me te vertet je i padurushem eke ba emisionin cirk tmerr,me te vertet je i padurushem eke ba emisionin cirk tmerr
01JJC3GVWRJ61QCM721R86Q12R,0,"Përshëndetje, jam nga kosova, jam shumë i lumtur të tregoj fjalë se si ma shpëtoi martesën ky njeri i madh shpirtëror i quajtur shefi Joel zgjidhja e shtëpisë.      Gjithçka po i vjen fundi pasi burri im nuk mund të ndalojë së më tradhtuari me femra të tjera.      Ai ishte mësuar të ishte gjithmonë i zemëruar me mua.      U përpoqa ta ndaloja por nuk munda, sa më shumë që përpiqesha ta ndaloja por nuk munda, aq më shumë nuk do të ishte aq shumë.      Anëtarët do të luftojnë dhe do të ndahen për disa javë dhe do të kthehen vetëm për shkak të fëmijëve tanë.      Një ditë një mik më tregoi për këtë shtrigë që e ka ndihmuar edhe atë, ai quhet Shefi Joel, ajo përdor magjinë e bardhë për problemet shpirtërore.      Vendosa ta provoj, kontaktova me të dhe më tha se do të duhen vetëm 1 deri në 2 ditë dhe do të shoh ndryshime të mëdha tek burri im.      Në fakt ai bëri një magji, më besoni pas 1-3 ditësh të magjisë, im shoq po rrëfente emra të ndryshëm të gruas me të cilën flinte.      Ai u lut për falje dhe të mos e provonte më kurrë.      Nga ajo ditë e deri më tani, mendja është e qetë.      Burri im nuk i pëlqen asnjë grua tjetër në tokë.    përveç meje Dhe jam shumë e lumtur që i kam të gjitha për vete.      Kontaktoni me mesazh ne faqen e tij https://www.facebook.com/Chiefjoel1","përshëndetje, jam nga kosova, jam shumë i lumtur të tregoj fjalë se si ma shpëtoi martesën ky njeri i madh shpirtëror i quajtur shefi joel zgjidhja e shtëpisë. gjithçka po i vjen fundi pasi burri im nuk mund të ndalojë së më tradhtuari me femra të tjera. ai ishte mësuar të ishte gjithmonë i zemëruar me mua. u përpoqa ta ndaloja por nuk munda, sa më shumë që përpiqesha ta ndaloja por nuk munda, aq më shumë nuk do të ishte aq shumë. anëtarët do të luftojnë dhe do të ndahen për disa javë dhe do të kthehen vetëm për shkak të fëmijëve tanë. një ditë një mik më tregoi për këtë shtrigë që e ka ndihmuar edhe atë, ai quhet shefi joel, ajo përdor magjinë e bardhë për problemet shpirtërore. vendosa ta provoj, kontaktova me të dhe më tha se do të duhen vetëm 1 deri në 2 ditë dhe do të shoh ndryshime të mëdha tek burri im. në fakt ai bëri një magji, më besoni pas 1-3 ditësh të magjisë, im shoq po rrëfente emra të ndryshëm të gruas me të cilën flinte. ai u lut për falje dhe të mos e provonte më kurrë. nga ajo ditë e deri më tani, mendja është e qetë. burri im nuk i pëlqen asnjë grua tjetër në tokë. përveç meje dhe jam shumë e lumtur që i kam të gjitha për vete. kontaktoni me mesazh ne faqen e tij https://www.facebook.com/chiefjoel1"
01JJAWYTMGK148WX76XA1ZWGXE,0,"O i nderuar , e respektoj mendimin tend por kupto nje gje qe jemi ne rrjedhat e ngjarjeve qe ju as vet nuk i menagjoni se qka po ndodh.CEP MË CEP 118 !!! sa per dijeni .","o i nderuar , e respektoj mendimin tend por kupto nje gje qe jemi ne rrjedhat e ngjarjeve qe ju as vet nuk i menagjoni se qka po ndodh.cep më cep 118 !!! sa per dijeni ."
01JMHRAKSG59AH6V070T9C9C9V,0,"Sa te dy kta bashke Albini ka mar vetem,ketu shikohet ke vlerson populli!","sa te dy kta bashke albini ka mar vetem,ketu shikohet ke vlerson populli!"
01JN1JR20GBCVQA7T53NTGXQ7C,2,Qyyyyyp bre,qyyyyyp bre
01JN09ZB18BMWCFGYG5W229C4N,0,po qysh jo megavat e hajnis ika prodhu edhe te rrenave,po qysh jo megavat e hajnis ika prodhu edhe te rrenave
01JK46MNW0GDC39NDY9R34KZ65,0,Spe besoj hiq,spe besoj hiq
01JKHBNES06EBSHGQDNPRA0V90,2,E logat o logat  po ti skaki as burr as grue,e logat o logat po ti skaki as burr as grue
01JNP8X5RRYD9HK00SXQGCQRE8,0,Partition tjera ekan bae kualicionin se ekan pas Listen Serrbe harrove me than,partition tjera ekan bae kualicionin se ekan pas listen serrbe harrove me than
01JJ7XXQ6REBTYRBCQB3RTMX7B,0,me rendsii spo i mbledhiin pi shkupit njerzt ✌️,me rendsii spo i mbledhiin pi shkupit njerzt ✌️
01JMZ2WFP8SDB7Q5A4EP2QZR7Z,0,Haha me dy vet edhe ate ne krah te Rambos,haha me dy vet edhe ate ne krah te rambos
01JK8PXM202QKAM1K3QA1Y0806,1,"brevo, duhet me mbajt qendrim","bravo, duhet me mbajt qendrim"
01JMAEBGW8KHQBXRZ2KWPRKJMB,2,"Kur po e shof ne ket video dezerterin Xhelal Svelqa po me vjen te vjelle,90% e tyre që sot jan ulur aty,sot 17 vjet kan qen kunder keti shteti.
Kemi shku per lesh si popullë","kur po e shof ne ket video dezerterin xhelal svelqa po me vjen te vjelle,90% e tyre që sot jan ulur aty,sot 17 vjet kan qen kunder keti shteti. kemi shku per lesh si popullë"
01JKKXFE5GH55NDVCVKPJKK9YA,2,Dora ju thaft kush e voton ket lop,dora ju thaft kush e voton ket lop
01JJXNJFY023CP5GGQZV8VWZWA,2,Aa e run vetin ky ahmak,aa e run vetin ky ahmak
01JJQAMQ50V1TMHNEXJSRMGEFB,2,Sa done me ja ngrite rrogene vetite maspari e mose i rreje populline se populli eshte vedisu e ste besone mo,sa done me ia ngrite rrogene vetite maspari e mose i rreje populline se populli eshte vedisu e ste besone mo
01JJWEPQ50X14YG3MEF324F8SR,2,"Haj medet haj hala su mbushen mend  me i perkrah ata qe deri dje jan kan krah serbis , tmerr me kit popull te pa mend.","haj medet haj hala su mbushen mend me i perkrah ata qe deri dje jan kan krah serbis , tmerr me kit popull te pa mend."
01JJYQEFE06VHM7VWMTJV6HXJQ,0,Ka vi te Kuqe Ldk me VV,ka vi te kuqe ldk me vv
01JMD8TANGZV1DNS2W4C14NQW5,2,Hajnat e opozites kan dor ktu bashk me aleatet e tyre Antishqiptar,hajnat e opozites kan dor ktu bashk me aleatet e tyre antishqiptar
01JH96WR58MXN9BNP6MYHY4FE6,2,"Qfar biri i kurves po guri e mbyt edhe kalin kur ja hin ne vend te keq,po policit mir jaka ba edhe mipa mbyt mir ja kish ba,revolen ne brez e poma hin guri,nonen ja kisha qi ne goj.","çfarë bir i kurvës po guri e mbyt edhe kal kur ia hyn në vend të keq, po polici mirë ia ka bërë edhe mirëpa mbyt mirë ia kishte bërë, revolen në brez e po ma hyn guri, nënën ia kisha qi në gojë"
01JJARC1C0YHFKXQCPKX00MCS4,0,Veq mani ymyd.,veç mban ymyt
01JHXVGZF01RKZCH3AHB0C79F9,2,A dreqi dhembet t'i hangtē oj plakusha e patru!,dreqi dhëmbët t’i hajtë o plakë e pa tru
01JKQT6MXGKADCFHDB5ET5P35C,2,"Moj nana viqit qa ke prit
Ti mos shih endrra me sy qel se ti kurr me fitu","moj nënë viçi çfarë ke pritur, ti mos shiko ëndërr me sy hapur se ti kurrë me fituar"
01JKXPN5FGVXJRJ62PG0K9W2ZH,0,Bajram Tahiri tezak apot kujtohet se te pata  lut per koalicion ,bajram tahiri tezaku a po kujtohet se të pata lutur për koalicion
01JJ9XK8C8PRHB3Q75PWNZ4AV4,0,Hahaaaaahaaaa,hahaaa
01JNP76608E45YH5JSJC5956XG,0,Juka mal tagjija,ju ka ndalë tagjia
01JKS6Q5W8M117SGW79DZNFP6S,0,HAHAHAHAHAHAHA edhe qita enita speshoh ma Sabit Rrahmani Tu bo Poste O qazim Ti Kuje fitoren ti ndor eke Hahahahahah Tash msonu Me than O Elbert ti kuje krejt Kosoven n dor eke ,edhe këta e degjova e shpesh sabit rrahmani tu bërë postime o qazim ku je fitoren ti në dorë e ke. tash mësohu me thënë o elbert ti ku je krejt kosovën në dorë e ke
01JNNGWPYGXZCMY3JNYQN02W2C,2,"Kryezi edhe ti jeni te njejtit magare, njeri quan Partie Kriminale, ndersa ti thua Diaspora i blen Uniformen edhe nuk vjen
98 e 99 ?!!!","kryezi edhe ti jeni të njëjtët gomarë, njëri quan partinë kriminale, ndërsa ti thua diaspora e blen uniformën edhe nuk vjen ‘98 e ‘99?"
01JK8H2YDRFN7ME1ENWRP77V7Y,2,Ku Don me imarr at msusa se 20jet ju ikini punsu ata msusa oimjer Juve veq tjav Profit Listat serrbska pej beogradit otupi ikosoves,"ku doni me marrë atë mësues se 20 vjet ju i keni punësuar ata mësues të mjerë, juve veç t’ju japë profit listat serbe prej beogradit, turpi i kosovës"
